071	0hb	477	8000	8565	city	collier	converting	correct	ec1v	hampton	hpgl	iii	img	laserjet	london	pd	plotter	response	sd345	tga	tif	unit	utility	x3769
bgi	bogart	bull	crowe	hemel	hn	obtain	regards	relevant	require	scrowe	simon	super	xvga
age	alexander	designers	hype	industry	issue	kirk	kmembry	long	magazine	membry	noticed	private	rodchenko	rumours	rutgers	show	talks	viamar	wired
01	1rft1ninnc7s	3d2	3ds	atari	aus	chaining	coloring	computers	denman	describes	doug	except	extension	graphical	hardy	header	helps	hparc0	hudson	interesting	lighting	meshes	numbers	parsons	shelley	stored	stuart	studio	stusoft	surfaces	tom	triangle	v2
1qc1fginnbv4	ann	approach	arbitrarily	arbor	arun	attached	backbone	close	closest	cuts	cylinder	darkstar	defined	easiest	eecs	ends	ex	expensive	ey	ez	hemispheres	intersect	katkere	koehler	krusty	less	mi	michigan	nope	penetrate	person	pillbox	ryan	secs	segment	sx	sy	sz	test	thrilled	touching	ucsc	won
113223	12092	1993apr17	320x200	320x200x256	386	49t	640x480	addition	amazing	appealing	arno	array	bryan	bryanw	btw	c5mv2n	comes	constants	correct	correcting	declaration	describing	designed	dpg	dumps	emacs	et4000	et4k	exists	falck	fr	frandsen	gifs	glad	gnu	guess	haven	imag	international	kenneth	kennu	linus	lost	lousy	major	mdata	microdata	missed	mits	modes	monitor	os	posix	rahul	register	remember	schaefer	seem	service	sls	sound	subdirs	super	switch	talking	telecomm	tex	tommy	top	torvalds	tried	tseng	tweaked	vgalib	wasn	woodworth	x11	xwindows
advanced	basin04	cacs	cs60805	fill	koganti	rao	reinventing	saving	sided	srinivasa	studies	thanx	usl
acs	bottom	buggy	designer	fashion	generated	magnus	ohio	reader
boards	chipset	city	clinton	cstp	dc	funcs	hw	kansas	leberle	missouri	mo	rainer	resolutions	rleberle	sparc2	specified	truecolor	umkc	whitehouse	xga
040819	14943	1993apr5	1pp991	254	255	51	60hz	ago	anyway	aperture	bands	biggest	branch	brightnesses	buffer	camera	chould	clearly	closed	constant	contained	contrast	corner	creating	culpa	dallas	deleted	description	directly	displayed	displaying	dot	dsp	dump	dunno	during	equivalent	experiment	experimenting	exposure	extra	film	frames	friend	giving	gray	grey	guessed	hc	hollasch	instead	instruments	intensities	intensity	jk87377	jon	juhana	kouhia	kpc	left	lehtori	levels	low	manually	maybe	mea	mention	minimize	minutes	move	nodomain	nosubdomain	onto	photographs	photos	plus	pocomoco	primary	print	printed	processors	proposal	quickly	range	recall	regards	render	respectable	rowlands	screens	seconds	sequence	settings	shutter	slow	sometimes	sparse	spdc	stored	structure	suggested	sync	synchronized	t63	texas	ti	took	top	trouble	tut	viewed	visible	worked	zero
1246	1653	28	705	748	again	alt	analyst	bag	ccgwt	choices	cica	clipboard	cool	corel	couple	functionality	grabber	grant	gtotten	newbie	ontario	paste	peterborough	printscreen	proves	responded	simtel	thurber	totten	trent	trentu	woman	wonderful	wrong
115a	1170	175117	181509	1848	1973	1993apr6	205	2213	35294	5473	934	al	alabama	birmingham	brilliant	campbell	correct	flaw	hall	kenneth	normal	obvious	orientations	sciences	seriously	shown	sign	sloan	station	therefore	uab
150	1988	7208	allen	automated	claim	compress	considerably	cynical	early	exact	fractal	fractals	grad	hell	hours	ian	idr	impressed	improved	long	loss	marvelous	notice	nova	numbers	pdx	pdxgate	piece	pointers	reportedly	rigel	romanick	sign	students	supposedly	takes	talked	times	ttyl	typical	waiting	yield
131	139	215	28	32768	65	65000	_almost_	_are_	almost	andre	andrey	attempt	banding	brighter	caltech	cco	chalmers	common	contrast	corrected	d9hh	damn	dark	darker	dtek	eye	gives	gradient	green	harmsen	helpful	henrik	horrible	human	intensities	mach	machbanding	mean	million	misconception	monitor	near	occur	pasadena	punisher	quantization	response	side	situiations	smooth	thousand	transistion	transitions	turn	visible	vs	white	yellow	yew
123832	1993apr22	23894	90	aau	akiernan	alex	daimi	deleted	demon	dis	dk	extension	falcon	happen	ka9q	kiernan	organised	palette	raw	regards	rix	rued	scf	sci	sco
24bit	352x240	640kb	74	accompanying	accumulate	alt	alternating	approximated	areas	arithmetic	berkeley	binaries	blocks	brown	changes	chen	claim	clipped	coefficients	common	compact	components	constant	dark	decoded	decoder	decodes	decoding	default	description	difference	direct	distance	dither	dithered	dithering	dmpeg	dmpeg10	dmplay	dominant	doubled	due	during	eckart	eight	except	expense	factor	fewer	floyd	frames	fully	germany	grayscale	hue	human	idct	implementation	improve	improvement	instead	later	leads	lis	lower	lying	main	models	muenchen	multiplication	multiply	nearly	ntsc	optimum	option	optional	options	ordered	pal	particularly	player	primarily	ram	raw	reasoning	redish	reduced	represent	required	restricted	saturated	saturation	saves	selection	sensitivity	separate	separated	sequence	short	significantly	somewhere	sounds	spec	stefan	steinberg	straightforward	subjectivly	super	superior	supported	taken	technik	technische	thus	turned	tv	universitaet	v1	vgas	visible	wang	yields	yourself	zero
ajackson	alan	alone	brock	brocku	catharines	cch	ciceran	club	cov	coventry	football	jackson	liverpool	location	mirrors	ontario	pl9	simply	spartan	tim	tmc	walk	windows3	wuarchive	wustl
caligula	foundation	freedom	headers	internal	international	intersections	knowledge	lance	life	lina	marco	maybe	netcom	norskog	proxima	ps	pull	seirio	severe	sp1marse	spif	surfaces	sweet	technically	thinman	tres	vanecek	wisdom
150	206	210493100336	241	295	5418	868	92	_bsplinesurface	_drawstring3d	advertised	ago	apparently	april	awed	bcstec	boeing	capabilities	carpenter	checked	esh	explained	fantastic	faxed	graphic	graphical	helpful	highly	hypercard	john_shepardson	knows	literature	mactutor	micro	moose	mpw	names	nobody	offer	offscreen	options	owen	price	programmers	qmail	recommend	recommendations	representing	reusable	review	reviewed	rgc3679	seattle	sheet	shepardson	slac	talked	tons	wa	wasn	worth	zbuffering
add	al	articles	b11	beowulf	bill	billj	bookstore	corp	huntsville	ingr	inside	intergraph	interpretation	jones	magazines	murray	present	reasonable	references	released	sciences	sdsu	series	specs	stock	usable	verbose
amber	bill	blkbox	cavalier	chip	egan	follow	green	houston	ip	jgreen	joe	p9000	port3	psi	texas	weitek
accelerator	beach	bob	bolson	bx	cannot	carson	cnter	column	coplanar	cy	degenerate	determininant	divide	dz	edward	equation	exactly	expanded	fitting	jyst	linear	obtain	rcb	slac	slacvm	square	tetrahedron	x1	x4	xc	y1	y4	yc	z1	z4	zc	zero
0a	4gj	bn2	brighton	bton	gino	koon	ktt3	libraries	mathematical	otherwise	outputing	plots	runnining	sciences	tang	uknet	univerity	vax	verison	vms
115a	1170	205	2213	35294	5473	60hz	64	934	ago	al	alabama	birmingham	btg	c51c4r	campbell	csc	didn	displaying	drastically	exposure	friend	gray	grey	hall	hc	jon	kenneth	levels	photos	plus	precision	preparation	reduces	rowlands	sciences	seconds	slices	sloan	station	synchronized	ti	timing	took	total	uab
053250	1993apr20	24854	________	_________________	__________________	finland	helsinki	joon	kaist	kr	lasse	math1	mdata	microdata	mits	oy	reinikainen	ryou	searching	seong	stjohn	vpic60	worak
10553	191415	1993apr14	62699	acceptance	allen	anymore	christopher	compatibility	complicated	cptully	critique	cut	define	easier	fat	fix	gripe	happy	hurts	important	infinitely	keep	lack	late	magic	matter	maybe	med	nearly	nova	nutshell	obviously	oit	paint	pathology	philosophical	quoted	salvageable	samba	significance	significantly	signify	spec	tiff6	tight	trimmed	tully	unc	unless	volunteer	wouldn
235	273	310	640x480	8872	8971	90212	9100	associates	beverly	blvd	brochure	bureau	capture	converter	cymk	einstein	eps	express	extract	film	hills	insert	layout	lintronix	mapsut	operation	printed	pull	quark	sales	separate	separation	service	shmuel	store	suite	wilshire
105	21000	216	344	433	4413	44135	47	49	5029	5033	75	advancement	aircraft	akron	brian	brookpark	cleveland	composites	computers	corporate	cowen	curing	design	development	devoted	dr	efficient	engineer	erie	fees	fite	futile	galiatsato	gary	ge	horowitz	integrated	jason	jay	johnston	lerc	lewis	looney	lunch	manufacture	materials	matrix	modeling	molecular	mr	ncga	oh	ohio	penn	physical	polymer	practical	ram	rd	regional	registration	resistance	roberts	sampe	sarah	seminar	sikorski	speakers	sponsoring	stereolithography	structural	upadhyay	vassilios	williams
20084	2042	227	2nd	301	3618	5000	5753	74	abstact	abstract	abstracts	acceptance	accepted	addresses	affiliations	alone	april	attend	attendees	authors	basin	bethesda	byoh	carderock	cdnswc	computational	considered	deadline	deadlines	demonstration	designate	developments	distribute	division	dt	exchange	factsnet	formerly	four	further	june	legs	length	lip	lipman	long	maryland	materials	md	minutes	naval	ness	notification	nswc	numbers	oasys	ocean	organizations	papers	phishnet	present	presentation	presentations	proceedings	progress	proposed	published	purpose	received	regular	reproduced	reproduction	sciviz	seminar	sent	sheep	shiek	short	sick	signatures	sixth	solicited	sponsor	sponsoring	stand	stockings	structures	submission	submit	taylor	telephone	tuesday	types	videotape	viewgraphs	voice	voicenet	vr	warfare	widely
autotrace	columbia	converted	corel	cunixb	easier	filter	hand	holak	illustrator	makes	pman	poorly	rah13	trace	vector
0293	130854	15mhz	1993apr20	27039	5ha	75	776495	785544	815387	877261	adapted	additional	although	anyway	awesome	binary	capabilities	cartridge	cool	cross	divil	ert	europe	expect	ext	faith	fmv	forum	future	games	gremlin	guest	hernandez	hotel	interative	international	issue	laboratories	labs	lane	lemmings	levels	licensed	litil	magazine	mario	meaning	media	mention	mentioned	microcosm	motion	muchado	multimedia	negociated	nintendo	oak	philips	potential	prl	prlhp0	prlhp1	provided	psygnosis	rage	rchland	recently	redhill	represent	retailer	rh1	rights	rumours	samson	seri	seventh	soccer	speaking	sprites	started	statement	striker	surrey	telex	titles	tricks	virgin	vnet	worldwide
255	calculate	castro	eeerik	electrical	eng	erik	ie	lopo	newcastle	orange	palette	rainbow	red	required	rgb	uni	yellow
1200x900	66	accurate	again	almost	although	annoying	aren	asked	bigger	blade	bug	bugs	careful	certain	choosing	chunk	circumstances	clear	colour	comes	control	corruptimg	creates	dangerous	decodes	deserve	determine	dithering	drown	effort	eindhoven	enabled	errors	ever	excess	explained	fairly	fat	feature	filled	finishes	fit	floppies	floppy	future	gets	girls	gives	guess	hand	him	himself	idea	incredibly	inserted	insists	isn	largest	leave	life	lighter	live	mailed	mcgv	meg	mention	moves	netherlands	newly	occurs	once	onto	operation	originator	performed	perhaps	pl6	places	poor	position	possibly	properly	reads	realizes	reason	recopies	recopy	remember	removed	rene	renew	repeated	repetition	room	serious	simply	situation	sorrow	sort	soul	square	stack	strife	stupid	sufficient	table	tears	temp	thus	together	tomorrow	track	tue	unrevcoverable	urc	walter	wanna	whatever
1992	226536	51	61	7716	according	archchancellor	assembly	cardboard	centre	cut	fan	games	grasp	gratefully	greetings	him	included	inline	jensen	joshua	july	lib	man	monash	mustrum	myles	myless	pascal	perspective	pratchett	proud	raytracing	reaper	rec	ridcully	scaling	specifically	strous	team	terry	turbo	unable	urgent	vaxc	yours
abel	allow	developable	familiar	h8902939	hk	hku	hkuxa	hong	infomation	investigations	kong	netters	pl6	topic
0200	06	150	203	2490747	2492930	33	35	3beta	5mb	61	anu	approaches	australian	award	buchhorn	canberra	cheers	crop	cropped	cropping	explain	facility	hdf	hdftoppm	ideally	international	markus	merrily	minimalist	muchly	ncsa	octavia	odd	originator	otherwise	parallel	pbmplus	r5	readers	storage	strange	structure	sunos	suns	ta	utility	visualisation	whatnot
amertume	animations	connect	cost	ctds	dots	fr	france	happily	ibp	informatique	litterally	lots	olivier	p7	paris	pay	renouar	renouard	smoother	texture	ufr	universite	whatever
0608	30523	49	534	619	7968	805	92093	almost	announcement	annoyed	architecture	architectures	aren	assistance	basis	believe	beyond	boned	bottom	boxes	bumper	business	buying	buys	calif	car	coming	comment	compete	complained	complaining	computers	corner	covers	crimson	dark	deal	diego	dollars	entire	entirely	entitled	equipment	fact	federal	fill	five	flushed	fork	fume	further	grant	hac	hacgate	hiss	indicate	instance	intend	investors	irises	ivem	jolla	keep	kids	kubota	la	labs	lamont	led	lee	libelous	lift	load	luke	lynx	maybe	microscopy	money	multiprocessor	myself	newer	niche	nor	occasions	odd	older	ones	onesies	opengl	organizations	paraphrase	pardon	path	peek	period	personal	piece	positive	poster	practices	prepared	pressured	previous	quarter	quarterly	regarding	regular	responsible	rsg	sales	san	scg	sciviguy	sedative	sgis	showing	sold	somewhere	spend	spent	spl	strip	suggest	supported	suspect	szechuan	tax	thoughts	tired	truck	twosies	uc	ucsd	understanding	upgrade	vendor	vendors	words
concave	convex	couple	luck	replies	responses	richard	rws2v	stoakley	tried	uvacs	virginia
background	compiled	didn	everybody	fairly	fleming	folsom	helps	iff	integrators	ipc	ipx	keep	kudo	looked	netland	netters	objective	openwindows	os	osi	provided	root	scott	short	thus	tile	weak
2800	360	49	80386	advantage	advantages	aliasing	alliant	anti	api	appear	appropriate	archiving	brain	brief	capabilities	care	colormap	common	consortium	cray	creation	decide	designed	desktop	devices	difference	differences	discusses	easier	efficiently	events	explain	expo	exposure	extended	extension	fx	gaskins	hardcopy	human	immediate	implementations	integrates	issue	iv	laboratory	lcs	lower	manual	manuals	mapping	merlin	metafiles	modeling	monkey	mor	mostly	motif	mp	multiple	neuro	ones	pex	pexlib	phigs	policy	portable	predefined	rabbit	ralph	rat	reilly	resizing	sco	selection	slightly	soon	strictly	structure	texture	tom	variety	vs	x11r4	xlib	xt
bako	chun	cml3	communication	csie	description	eng	height	hung	jpg	lin	microsoft	multimedia	ntu	perhaps	peterbak	pl3	r0506048	sci	specifically	suggestions	taipei	taiwan	tw	uu	width	Âªl
1qkgbuinns9n	2406	273211	44	6nn	865	94	abc	ad	angles	banbury	bc	bd	bisector	bisectors	bob	bolson	boy	cannot	carson	centre	checked	choice	choose	circumference	close	coincident	collinear	collins	consider	coplanar	coplaner	correct	crl	define	defined	desired	diameter	distant	douglas	dq	edward	embarassing	ep	eq	equi	equidistant	error	exactly	exists	fact	failure	farin	fitting	four	gems	geometry	happen	hcrlgw	hcrlgw92	hitachi	hyper	immediately	infinity	intersection	jp	larger	lie	lies	loss	meet	mercy	necessarily	normal	normally	numerically	originator	otherwise	ox	ox2	oxford	passing	perpendicular	possibly	prove	rd	relative	require	road	service	services	shelley	solution	specifies	steven	straightforward	telephone	trivial	unless	wouldn	wrong
addresses	below	colorado	contour	contours	conway	copper	coutours	creating	criiterion	cudnvr	delauney	denver	hopefully	irregular	krige	modeling	needs	networks	paul	pvconway	random	reached	references	suggestions	tells	triangulated
11670	131239	152	1993apr19	34	578	66319	77	84	acm	acns	amann	announce	aragorn	ariadne	athens	chair	chapter	colostate	conference	culture	editor	esperidon	finish	finished	fotis	gr	greece	greetings	halandri	home	iam	lance	longs	mcsun	minute	months	nick	nikolaos	ntua	organizing	participate	serious	soc	stephan	student	theseas	ua	unibe	xia	xz775327	yuma	zhao
275	33	44	486	4meg	6011	6040	61	8meg	9pl	administrator	central	directly	dos5	easter	eu	g1yyh	gb7pwy	gbr	goshawk	heaton	ideas	increased	m13	major	manchester	mcc	nessie	nrs	oxford	packet	povray	reboots	road	slower	unit	until	upgrade	v1	win3
061	26	275	6095	9pl	app	area	balls	block	block_read	byte	centre	colour	exact	fussy	grab	grabbing	intend	load	m13	man	manchester	moment	needs	portion	preston	prestonm	shouldn	starbase	store	unit	whatever
13h	320x200	across	assembly	blitter	calling	cpu	dave	destiny	drawer	dstampe	engineer	extensions	fill	game	inline	life	msdos_uploads	poly	psych	psycho	psychologist	psychology	quan	rend386	renderer	reupload	sol	stampe	stephen	sunee	surv	techno	times	toronto	triangle	txt	utas	uwaterloo	vr	wetware	wuarchive	wustl
020751	13389	1993apr6	across	comes	databases	dxf	eric	madison	modeling	oehler	picard	recently	sciences	swiv3d	thanx	translating	tttddd	wisc	wisconsin
1426	71170	bako	compuserve	corp	description	ger	height	jpg	microsoft	nothing	perhaps	peterbak	specifically	suggestions	width
aerial	alabama	dawes	huntsville	ldawes	lisa	maps	photographs	preferably	uah	uahcs2
000	00196	0038	0094	01854	0199	0200	02139	02154	0330	04	0410	0511	05402	05446	06	07410	0900	0903	0e9	1000	101	102	1039	104	105	1060	108	109	10k	10mhz	110	111	1137	1200	1201	121	122	129	131	132	136	137	138	139	141	142	1436	144	1441	146	148	14th	150	1500	151	152	1529	155	156	1568	157	159	1600	168	171	174	178	1788	17f	183	192	1921	194	1963	198	1985	1988	1989	1992	1d	1m	1s7	200	2000	200k	201	20771	20k	2100	213	215	217	2222	2239	224	225	2268	2272	229	233	2341	238	2400	2496	25286	254	255	256x256	2587	2601	265	272	2748	28	280	284	286	286160	2867	29	29077	291	2912	296	298	29th	2nd	300	3000	301	302	303	312	3159	325	32789	33	3342	34	3473	3480	355	3582	360	3700	373	3750	384	389	3rd	3w4	405	406	407	408	41	4100	415	416	422	4300	43215	435	44	444	45	4510	452	4563	458	461	47	49	497	4bsd	4d	4m1	4mb	4th	500	5000	508	50b	512	5245	527	530	536	54	545	55	5541	56	560	578	5904	5d	5th	60	600	6000	604	605	614	615	617	61820	61826	619	624	63	6388	64	647	65	6506	6509	655	66	6695	672	68	6958	6d	70	708	71	716	7197	720x360	7242	7330	7353	74017	750	7550	763	77	7720435	777	7795966	78	786	7879	794	795	7ah	7xx	80	800	801	802	80225	80301	80303	80307	805	81	8117	8123	821	8287	84	84057	8500w	8515	8574	8580	87	870	87131	8731	88	8840	89	890	8900	895	8x8	90	9000	91	91030	916	92	929	93103	93401	9356	938	93940	94025	94404	94555	94720	9484	950	95677	9570	962	963	966	969	970	978	98	981	9900	9909	9999	_believe_	_free_	_procedural	_was_	abilities	ability	academic	accept	acceptably	accepts	accurate	acquire	across	act	actively	add	adding	addition	additional	addressed	addresses	admin	adobe	adrg	advanced	advantage	advised	aerospace	affine	affinity	agencies	agency	agreement	ahpcrc	aid	aim	aimed	airborne	aircraft	airport	airports	aix	alabama	albuquerque	alchemy	alex	algorithmically	algoritmic	allowing	along	alpha	alter	although	altimetry	always	amber	american	ames	amigas	among	amount	analyze	anatomy	andrew	animals	animations	animator	annotate	annotation	annotations	announced	anyway	ape	apex	app	applelink	applied	apply	approval	apr	april	arc	archiving	arden	area	areas	ariadne	army	arpa	array	arrays	arts	ascension	ascii	aside	asked	assist	associated	assume	astronomical	athens	atmospheric	atoms	attached	attraction	aukuni	aurelie	australian	automate	automatically	availability	ave	avenue	avhrr	aviris	avoid	avs	avs4	background	band	bands	bank	barbara	baron	base	basic	basically	baud	become	belgium	believe	below	belvedere	berkeley	berndt	besides	beta	bezier	bill	binaries	binary	bindings	biosym	bird	birds	bitmaps	bldg	blinn	block	boats	bob	body	bonds	booth	boulder	boundaries	bourke	bpaul	branch	brian	brick	bringing	broadcast	broadway	bsq	btw	budget	buffer	bug	build	building	builds	bundle	bundled	bureau	burlington	burnaby	bus	buted	buttons	bye	byte	bytes	caesar	calculator	caliber	calls	cambridge	camino	campbell	campus	canadian	canonical	capabilities	capability	capitalization	care	carriage	carries	carry	cars	cartographic	cartridge	catalog	cataloge	categories	ccu1	cdrom	cecer	cell	census	central	centre	cerl	cfd	cg	cgi	chama	champaign	changes	channel	chapel	charge	charmm	chart	cheap	chem	chemlab	choose	chvrtd	cia	cifically	cine	cineca	cities	citizens	city	claim	class	classes	classification	cleaning	client	clients	clipping	closed	clrview	cluster	clustering	cnrc	coastlines	codes	cogs	coincidence	colchester	collection	colorado	colormap	columbia	columbus	column	combination	combinations	combined	combining	command	commands	comments	common	commonly	communicates	community	companies	companion	company	compared	comparison	compatible	compile	compiled	compiler	complex	complicated	component	components	compositing	composition	comprehensive	compressed	comprising	compuserve	computational	compute	computers	comstock	concerns	concise	conditional	configuration	confusing	consisting	consists	consolidate	construction	contacting	contacts	contain	contains	content	contour	contract	contrast	contrib	contributed	control	controlled	controller	controllers	converts	convex	cooperation	coordinate	copied	core	corner	corp	corporation	corps	corrections	correspondence	cosmic	cost	couldn	council	counterpart	country	couple	cournoyer	court	coverages	coverings	cp2	cray	creates	creation	crimson	cristy	crs4	crunching	crystallography	csam	csc	csn	cso	ct	ct2t	cubed	cursor	curve	curves	custom	cyberware	cyclotron	d2002	daalo3	daily	datacube	dataexplorer	datafiles	dataglove	datas	dataset	datasets	date	daven	davidr	days	dcl	dcw	deal	deanza	decoding	decstations	default	defense	defining	degree	delivers	dem	dems	denver	dependent	depending	depth	depths	derived	describes	description	descriptions	design	designed	desired	developer	developing	developments	device	devices	dgp	dial	dicer	difficult	digitised	digitize	digitized	digitizer	digitizers	digitizing	dimensional	directcolor	directed	directly	director	directories	discharge	discounts	discover	discussion	disks	disperate	displaying	distri	ditolla	division	dlg	dobbs	docs	document	doll	dollars	doors	dot	doug	down	dr	drive	dsp	duncan	dupont	dwrobertson	dxf	dynamic	dynamically	dynamics	earnshaw	earthinfo	earthquake	ease	easier	easily	east	ecr	editimage	edition	editor	educational	educorp	ee	eece	effective	efficient	eg	eight	el	elan	electromagnetic	elements	elevation	elevations	elmwood	elson	employ	employees	empty	enabling	encapsulation	encounter	energy	engineer	engineers	enhancement	enhancing	enter	entered	environments	eo	eosat	epcc	epson	equalization	equipment	eric	erich	errata	especially	esperidon	essence	essentially	europe	evans	evolving	exabyte	exact	exactly	examples	excel	executable	executions	executive	existent	existing	expect	expensive	expertise	exploit	exploits	explorer	exploring	export	extended	extending	extension	extensive	external	extract	eye	eyephone	facility	fair	fashion	favorite	fda	feature	federal	feel	feltham	fft	ffts	field	fieldview	fifth	figure	filling	film	filter	filtering	filters	finder	fit	five	fixes	fl	flaminio	flavor	flex	flight	flip	floating	flock	floor	floppy	flow	fluid	flying	font	forget	fortran	forward	foster	fotis	foundation	foundations	four	fourier	fractal	freebie	freely	freemont	friend	friendly	fsu	fully	functionality	fundamentally	further	fvs	ganador	gap	gaussian	generalization	generalized	generate	generated	generates	generation	generator	generators	generic	genre	gent	gentleman	geo	geographic	geographical	geological	geometric	geometry	geophysical	geopolitical	gifs	gigabytes	gilchrist	gilmore	gis	gives	gks	glassner	glove	god	goddard	goetz	gold	gondwana	gone	gould	government	gr	gram	graph	graphi	graphic	graphical	graphically	graphics_	graphs	grass	grassp	grassu	grassx	gravity	gray	greece	greenbelt	greg	grid	gridded	gridding	grips	grouped	gs	gsfc	gtx	gui	guldenspoorstraat	gvl	gvlware	haimes	haines	hairy	hal	halandri	half	hanauma	hand	handled	handles	handling	happy	hardcopy	harris	harrison	haven	hawaii	hdf	head	header	headerless	headtracker	heart	heavy	henders	henderson	hercules	hian	hibbard	hierachical	hill	him	histo	histogram	hobbyist	hoinkes	holdom	home	hooks	hourly	house	houses	hp9000	hsv	huckel	huge	hull	hulls	human	huntington	huntsville	i860s	iap	ice	icol	iconified	icsg0001	ideal	identification	idl	idraw	ieee	iff	igor	ihs	iii	il	ilana	ilight	imagemagick	imager	imagery	imho	implementation	import	important	improve	impulse	inches	included	inclusion	incorporated	incredible	independently	index	indiana	indicates	indigo	individual	industry	infinitely	infonode	infrared	ingr	inherent	initial	insight	install	installation	instance	institutions	instructions	integrated	integrates	integration	intelligent	intended	intensity	interconnection	interest	interesting	interference	intergraph	interleave	intermixes	interpolated	interviews	introduction	invoke	iraf	iris	irix	isbn	isn	italy	items	iti	itself	jan	japan	jim	joe	johnston	jolla	jon	jpl	jsc	k1a	kaiser	kaleidagraph	keiser	kelly	key	kgngraf	khoros	kilcore	kilgore	kinds	kingdom	knows	kramer	ku	kubota	kuchkuda	la	laaksonen	laboratory	labs	land	landman	landsat	landscape	lane	lang	larc	largely	larger	laser	later	latitude	lattices	lawn	lawrence	layer	lbl	lcs	ldgoc	lee	leehian	leif	lengthy	lerc	lerios	letter	lgsowg	liant	lib	libraries	libvplot	licence	license	licenses	light	limit	limited	linked	lists	listserv	loads	local	locally	located	location	lockheed	log	logical	logitech	long	longitude	looks	low	lowell	lower	lpi	ltd	luis	lxt	lybrand	ma	macc	macdraw	macmolecule	macphase	macro	magazines	magellan	mailing	mainly	maintained	maintaining	maintains	maintenance	major	makes	malena	man	management	manager	manages	manipulating	manipulations	manner	mannikin	manual	manufactures	manupulation	mapping	maps	march	marketing	mars	marshall	maryland	master	materials	math	mathematica	mathematical	matrix	maurice	maximum	maxine	mb	mcgraw	mcree	mcsun	md	measurement	mechanical	media	median	medical	megabyte	member	menlo	mention	mentioned	menus	merge	mesh	meshing	messages	meter	meters	metro	mexico	mfil	mhz	microsoft	microstation	middlesex	mike	military	milton	mind	mindtool	mine	mines	minimal	minnesota	misc	miscellaneous	miss	missions	mississauga	mkdir	model1	model2	model3	model4	model5	modeling	models	modification	modified	modules	molecular	molecules	molsim	monash	monitors	montana	montecito	monterey	monu1	moon	moore	mopac	morphological	mostly	motecc	motif	mountain	mounted	mouse	movie	movies	mp	mri	msc	msci	mss	mu	multiplanar	multiple	multiply	mumod	mv	names	nas	nato	natural	ncar	ncb	ncgia	ncsa	ncsc	nearest	nearly	nedde	needs	neighbor	networks	nevertheless	newell	ngdc	nick	niehs	nih	nikolaos	nishi	nj	nm	nn	nodis	none	normally	norton	notes	noting	nova	nrcc	ns	nssdca	nth	ntua	numbers	numeric	nutshell	obispo	observe	obtained	oem	offers	office	offices	offset	offsets	often	ogi	ohio	older	omicron	once	oncs	online	ontario	openwindows	operates	operating	operations	operator	operators	opinion	optional	options	orbitals	orders	orem	orientation	oriented	origin	osf	ottawa	overall	overkill	overlaid	overlaying	overlays	overview	owner	oz	pacific	packaged	pages	parallelism	parameter	parameters	parity	park	parks	part3	participate	particular	partition	parts	party	pasadena	pascal	pass	password	pat	patch	patch8	patch9	patchlevel	patterns	paul	payload	pbmplus	pbmtext	pci	pcs	pcw	pd	pdb	pdbourke	pelson	pen	perez	performs	peritek	permission	personal	personally	perspective	perutz	pex	ph	phigs	philosophy	photographic	photos	physics	pi1	piazzale	pick	pics	piece	pioneer	pique	pixmap	places	plain	planetary	platform	played	player	plot3d	plotting	plus	polhemus	political	polyline	polylines	polyview	poon	popular	port	ported	portions	position	possibly	power	powerglove	pp	pprg	pre	precision	present	press	price	pricing	primarily	primary	principal	printed	printers	pro	probe	procedure	produce	produced	programmers	progress	projective	promising	prompt	property	proprietary	proton	provided	providing	ps	pseudocoloring	pu	publish	published	publishing	pull	purpose	purposes	pv	pvwave	qt	quantity	quek	r4000	radar	radii	railrays	raklin	ram	range	ranging	rani	rapidly	rasterfile	rasterfiles	rasterizing	raw	raz	rd	reach	readme	reads	ready	reasonable	recommend	recorded	recording	rectification	red	redistributed	refer	referred	reformating	regarding	regular	regularly	relative	released	remote	render	renderer	renders	rep	report	reported	representation	represented	republic	requests	require	requirements	resampling	resolutions	resources	respond	responds	responsible	reston	restriction	resulting	return	returns	reusability	reverse	review	rgb	rich	richmond	rioux	risc	river	rivers	road	roads	robertson	robust	rod	rodney	rogers	rom	roman	rome	roms	room	rotate	rotations	rs	rs6000	rsinc	rt	rumors	runtime	san	santa	sat	satellite	scaling	scan	scanner	scanners	scanning	scans	scarecrow	scdinfo	scene	scenery	sceptre	sci	scian	sciences	scientists	scivi	scott	screendump	screw	scri	scripps	script	scripting	scripts	scrollbars	scry	scsi	seamlessly	searched	searching	seconds	segmentation	selected	sell	selled	sells	senses	sensing	sep	sequence	sequences	sequencing	sequent	series	servers	service	services	sets	sg	shape	shapes	share	shinjuku	ship	shipments	shooting	short	shunjuku	shut	shuttle	sicence	side	signal	significant	silver	simd	simgraphics	simon	simplicity	simulations	singapore	single	sips	sits	situation	sixty	slice	smaller	sockets	soest	soft	softlab	soil	solutions	soon	sound	south	spaceball	spaced	spaces	spam	sparc	spd	spe	specialized	specializes	specialty	specific	specifically	specified	spectral	spectrometer	spectrum	spirit	spline	sports	spot	springer	springfield	spyglass	srp	ss01	ssec	staff	stage	standalone	star	star5	stardent	stardents	starting	starts	states	statically	stating	stationary	statistics	steps	stereo	stewart	stock	stop	storage	store	stored	story	strategies	stream	streamflow	streams	street	stretching	strokes	strong	structure	structured	structures	submitted	subroutine	subsampling	subscribe	subset	subsystem	subvolumes	suffice	suffolk	suggest	suggested	suggestion	suite	sumex	sumitomo	summer	sun4	suns	sunview	supercells	supercomputers	supercomputing	supervisor	supplies	supported	supporting	surfaces	survey	sutherland	svlib	swedishchef	synchronization	sys	table	tae	takes	taking	talking	tang	tape	tapes	taravisual	targa	targetted	tations	tax	teapot	tech	technique	techniques	technologies	telephone	telnet	ten	terminals	terrain	terramar	terry	tessellation	test	tested	testing	textiles	texture	textures	tg	tgif	theoretical	theseas	thesis	third	thousand	tiled	times	tips	titles	tm	together	tokyo	tolis	toolkit	top	topographic	topography	topologically	toronto	touchup	tower	towns	tracer	track	trackers	traditional	traditonal	training	trains	trajectories	transfer	transfinite	transform	transformations	translating	transport	trial	triangles	triangulation	tricks	tried	troff	troubles	truecolor	tso	turbo	turns	tutorial	tw13	txt	types	typing	uark	ubc	ucar	ucbvax	ucla	ucsb	ucsd	ultrasonic	ultrix	umn	unc	uncompression	understanding	uniphoto	united	units	unknown	unlimited	unm	updated	upgrades	username	usgs	utah	utility	utoronto	ux	v2	v5b	v5g	vab02	variety	vax	vct	vector	vectors	vegetation	vendor	venus	veracity	verlag	versus	vertex	vertices	vexcel	vgx	vicar	vides	viewpoint	viking	virginia	vis	vis5d	vision	visit	vista	visual	visual3	visualisation	visualizations	visualize	visualizer	visually	visuals	vmd	vms	voice	vol	volumes	volumetric	voxel	vpl	vplot	vrl	vt	wait	wallpapers	walsh	waltham	warp	wave	wavefront	wavetracer	wayne	ways	wbst128	weather	webster	weekly	wejohnston	west	whibbard	whole	whom	whose	wide	widget	widgets	wiley	williams	willing	wilson	winter	wire	wireframe	wisc	wit	within	workarounds	workspace	workstation	worley	worth	wpi	wrong	wti	wuarchive	wustl	wx	wysiwyg	x11	x11r4	x11r5	x4	xball	xbm	xds	xerox	xforms	xgraph	ximage	xlib	xmol	xpm	xtalview	xvf	xview	xyz	yale	yasp	yktvmh	york	yourself	yr	yuv	zcat	zero
1400	attention	bryan	corp	didrectory	drive	flexible	floppy	foresight	knight	lacked	majority	matthew	mik	moron	moscom	mz	nx10	ny	os	path	pay	pl9	pointedto	readding	rknight	rochester	roms	salestech	stiatl	temp	tmp	uk02183	uky	unfortunately	variable	williams	zenkar
26	64	addition	allan	angeles	appreciate	asked	believe	bought	came	claim	claimed	describes	didn	expensive	frankly	gray	hard	hewlett	initial	inputs	japan	literature	los	manual	mentioned	mitsubishi	na	p78u	packard	parallel	port	print	recently	sales	sending	signal	sipi	southern	store	usual	weber	workstation
5000	advice	coos	dartmouth	grayscale	hanover	jian	lu	market	medical	na	nh	offers	particular	products	purchasing	recommendations	resoltuion
02	09	192	246	321006	35	351	386	3ds2scn	4100	83	acad11	acc	acosta	alchemy	antonio	arj	asterix	backface	bart	bell	below	binaries	cgcad	changes	chem2scn	chemical	chemistry	compile	converters	costa	cpp	decnet	description	discard	djgpp	dsuit	east	extender	feel	ferrar	go32	goes	greg	gregt	image820	included	indigo	inesc	inescn	inventor	iris	irit	judd	largo	mainly	makefile	manuals	marked	mcvax	modified	modify	mol2scn	molecular	mompilher	mps	netland	nff	nff2sff	nffclean	nffp2pp	ohio	pdb	pdb2scn	pic	picblend	picmix	port	porto	portugal	ppm	ppmblend	ppmmix	preview	pt	readme	regards	reid	reworked	roll	rtrac820	rtrace	scenes	scn	scn2sff	sff	short	sol2scn	sparc	studio	suit	temp	times	toolkit	triangles	utils820	uvacs	virginia
01	102007	1993apr14	20664	3079	31	4826394	71	aangeboden	aantal_snijpunten	atr	auteur	bepaalt	binnen	bound	bskewe	bso	bull	cliberbuiten	clibstatus	clibsucces	cornelis	datum	determine	geefpolygoonlengte	geefpolygoonrandpunt	hemel	het	index	interpoleerlineair	kewe	kopieervector2d	krommenoord	mathemagic	netherlands	omschrijving	op	polygoon	puntbinnenpolygoon	rand	regards	return	rotterdam	scrowe	simon	uk03	valt	van	vector2d	wessels	wijzigingen	within	zt
4th	71	achieved	afil	alan	algebraically	alternate	always	bisector	bolson	boy	carson	checked	christiansen	colinear	colinier	compute	contains	coplanar	define	design	designed	determining	distance	easier	edward	embarassing	exactly	fails	farin	feeling	finite	fitting	formed	four	gems	geometrical	geometry	gives	hard	immediately	implement	infinite	interection	intersecting	leave	lie	loss	math	meet	mercy	neatly	netcom	origin	oz	pair	pairs	parallel	pass	passes	passing	perpendicular	planar	planes	possibilities	produced	refs	repeat	return	saturn	segment	shape	shouldn	similarly	sized	solution	spworley	square	straightforward	swin	swinburne	taking	testing	thinking	trivial	unique	unused	workable	worley	worried
acsc	angeles	asking	bother	bugs	cheap	clients	clue	compile	compiled	constructive	cpuserver	criticism	dactyl	definitely	didn	docs	dogfight	everyone	explicit	feel	final	fix	giving	grant	hear	letting	long	los	mailnote	main	managed	maybe	money	multiverse	patience	perhaps	portability	questioning	quick	releasing	remember	respond	results	rs6000	scenary	solaris	succesfully	supplied	ultrix	uscacsc	whether	word
310	523	9393	99	basic	calalogged	cup	donh	grabbing	hirschfeld	intro	lead	major	pals	portal	price	thumbnail	tm	until	v1
0010580b	1100	1958	210	312	3426	510	57th	60637	702	980	adjusting	adobe	against	aldus	approximate	auto	autotrace	autotracing	barely	boesel	cboesel	charles	chicago	compelled	con	congress	creative	dgf1	east	ellis	everybody	exact	exactly	farley	feels	figure	freehand	guys	holonet	illinois	illustrator	jrl	midway	misses	opposite	pager	poorly	pro	progress	resulting	street	suggestions	templates	throw	tolerances	trace	tried	uchicago	useless	uu	vmcbrt
08	216	28	2880	56	831	_____	______________________________________________________	ago	appreciate	apr	attmail	bill	ch41	changed	comments	comparison	couple	dislike	easily	editing	elaborate	experience	featured	figaro	further	gatech	gmt	goes	happy	hate	hoops	implementation	impossible	ithaca	lib	libraries	lookin	low	methods	myers	personally	phigs	portable	prism	products	specific	structure	tgs	usr1	wisdom	wlm	x2002	ya
150	1qjrec	29	35	75	90	admittedly	affect	age	almost	although	anchor	announcement	annoyed	architecture	aren	assistance	barreno	basis	believe	beyond	boned	bonus	bottom	boxes	business	buying	buys	came	caused	certainly	chain	chassis	clear	common	compete	complaint	complaints	computers	concerns	confused	confusion	consent	constantly	corner	couldn	covers	cpu	crimson	customers	dark	dave	deals	design	dissents	dollars	effect	elan	engine	entire	entirely	entitled	equipment	esd	ethical	ever	expect	expectation	experience	fact	fairly	federal	fill	five	flushed	folks	forcing	fork	frustation	fume	further	future	gives	grant	gray	greatest	hairs	hear	hiss	honest	ignored	immediate	industry	influence	inside	instance	investors	irises	ivem	keep	kicker	kids	kubota	labs	lamont	latest	lead	led	less	letter	libelous	life	lifespan	lift	likely	load	long	maria	maybe	meet	mentioned	mhz	microcomputers	minds	misleading	misrepresent	missed	money	mountain	multiprocessor	myself	needs	niche	nobody	occasion	occasions	odd	olson	onesies	opinion	opinions	organizations	otherwise	paraphrase	pardon	parts	peek	period	person	personal	piece	plans	positive	poster	practices	presentations	pressured	previous	products	ps	push	pushed	pushes	qem	quarter	quarterly	quarters	reason	referring	regular	responsible	sabbatical	sales	saying	seem	sell	sgis	share	shipping	shouldn	showing	silence	silent	simply	sold	somebody	sometimes	somewhere	spend	spent	spl	started	style	supported	surely	suspect	sys	tax	thoughts	tired	truck	twosies	ucsd	understanding	unreasonable	upgradable	upgrade	upgrades	usual	vendor	whether	whoever	wide	won	words
28	_______________________________	adams	added	alice	alt	besides	busily	came	collection	court	creature	douglas	everybody	exposure	fan	forty	fripp	guide	haaden	ingeniorhogskole	invented	joachim	kaufman	kih	king	kongsberg	leave	looked	lous	marc	masking	mile	miles	moment	nearly	occurances	odd	oldest	ought	persons	philosophical	pl8	postings	queen	rate	receive	regular	rule	samson	sha	sheep	significance	silence	suggestions	xenon
735550992	al	balsa	barnsley	berkeley	bulf	clear	computers	covers	dr	et	everywhere	fair	fractal	fractals	helps	intro	inu530n	iterated	jbulf	jeff	kpc	kubota	lindblat	middling	monash	pacific	peitgen	rachmat	technique	thanx	thorough	title	treatment	worse
1v6	allow	aren	atd	austin	believe	bob	c4tkgm	chan	channui	cheap	christopher	com1	com3	conflicts	connect	cost	davis	define	devices	disclaimer	errors	exceeds	external	fairly	harris	haven	increase	insists	interfere	internal	interrupt	isn	modem	modems	nui	pl9	pointing	port	portal	ports	poster	probable	reliability	rs232	serial	shell	shopper	shouldn	single	sonny	switch	switching	trantor	tried	unfortunately	until	ville	walveranta	wants	wil	won	worry
01	3d2	3ds	alas	appreciato	aus	australasian	centre	chaining	collected	doug	douginoz	extension	fli	graphical	hparc0	interesting	knowledge	melbourne	meshes	mucho	parsons	perennial	pl8	put	response	somewhere	studio	thought	v2
171704	1958	1993apr19	2147	510	6v2	7qo	980	adobe	against	boesel	boxes	c5ecnn	cannot	cboesel	charles	checked	chem	con	congress	contour	converts	creative	cv4	depending	drube	garching	gnuplot	holonet	illustrator	impressed	informatik	ipp	irix	lite	mach	mailer	manipulate	mentor	mpg	muenchen	nish	nishantha	opposite	pager	platform	plots	pro	prog	programme	progress	rdd	reinhard	release	somebody	sort	sparcstation	specifically	tried	ttyl	uaccess	utility	uts	uu	xfig
101010	2nd	4048	5424	7424	861	909	91675	adaptive	along	amaze	apollo	arthur	awhile	background	bag	bar	base	bear	binary	bottom	brain	build	came	carry	cartwright	chew	clear	consulting	correct	created	crussell	custom	deep	dent	diamond	didn	diner	discovered	emx	especially	ever	everyone	everything	figure	forget	forty	friends	gain	generated	gte	hand	iris	knowledge	largest	later	lets	life	long	man	markc	marvin	meaning	moments	monkey	named	netcom	networks	nine	ocs	ocsmd	peers	philosophical	pl8	presume	prize	pulled	realized	respect	russell	saw	scrabble	sec	significance	silly	six	solutions	sort	sparc	spelled	thought	tiles	times	unfortunately	universe	vaporized	wilson
092051	1550	19814	1993apr17	206	249	299	5418	737	868	916	99	apda	assassin	bcstec	bobc	boeing	building	business	carpenter	cellar	classes	cost	creation	d88	decent	earlier	eric	fairly	framework	geometry	graphic	guy	hemul	johnson	jon	jwa	knowledgeable	kth	license	macwireframe	magnitude	micro	nada	offer	options	owens	pascal	price	recommend	recommendations	removal	rgc3679	royalties	rudimentry	sacramento	seattle	shading	silent	spoke	strong	supposedly	tasks	today	tsa	weighs	wire	wrong	wtte	z2442b4w164w
along	analog	camcorder	chaotic	continuous	creates	dynamical	effect	equipped	focus	foundation	freedom	grunge	hsv	hue	internal	international	knowledge	lance	lovely	mathematically	monitor	negative	netcom	norskog	phase	reversal	reverse	rotation	simulating	simulation	solarization	surprising	sweet	technically	thinman	transform	truly	turn	whose	wild	wisdom	yuv	zoom
34	allright	answering	artist	asked	attest	basic	blow	boutwell	cleveland	comet	competing	cwru	doors	engineer	ers	freedom	frequently	header	helps	hot	impulse	ins	mailing	mbc	msstate	oh	oppose	paramax	personally	po	powerful	previous	ra	reserve	says	shipping	silence	sp	speech	started	studio	subscribe	thor	tony	trb3	western	yesterday
068	178	283	31	323	3323202	3326477	400net	70	admd	athena	bank	bitnet	charles	culberson	derk	detailed	directly	dnm	drop	ederveen	fidonet	gopher	hlsdnl5	interest	knows	latitude	longitude	lou	mailserver	micro	netherlands	otherwise	pd	preferably	prmd	ptt	reed	regularly	replies	snail	speak	versamap	warrior	willing	wish	x400	yourself
31	75	absent	actual	adjust	adjusts	brookline	closer	comparisons	coordinate	coordinates	devices	displayed	dps	emulate	emulation	ending	endpoint	endpoints	environments	explains	extent	feature	formula	gilardi	knows	literature	looks	low	ma	modify	neither	new_coord	old_coord	results	round	seeking	snapping	sq	squeegee	std	stephen	stroke	strokeadjust	suggested	thought	trunc	whichever	willing
assist	autocad	dxf	geigel	george	gwu	joseph	libraries	parser	parsing	seas
02	1000	120	150	15th	163	2112	220	2393	250	25th	27th	280	2nd	30th	330	35	750	809	9495	9th	abstract	academy	acceptance	accommodation	activities	adriaansen	advanced	affiliated	aprs	area	areas	arranged	association	athula	august	aust	australian	beautiful	become	biennial	blue	breen	bridge	camera	canberra	centre	cheque	cheques	city	coding	concentrate	conference	consist	contacts	contemporary	copies	cruises	csiro	daily	date	dates	december	defence	developments	dicta	dicta93	dinner	distance	division	dms	dmssyd	dominique	doubled	dr	due	edb	ee	enclose	enhancement	establish	event	exchange	extended	facilities	federation	fees	final	force	four	friend	further	fuzzy	gabor	ginigie	harbour	held	herman	hodgson	hotel	house	iapp	ideas	illustrations	important	industrial	informed	interest	international	june	landmarks	limited	location	logic	macquarie	massey	mathematical	mathematics	mathematique	medical	member	members	min	morphologie	morphology	motion	mountains	networks	neural	notified	nsw	october	opera	opportunity	organisation	originator	pages	paper	papers	paris	pattern	payable	peer	pennsylvania	persons	phillip	places	po	presentation	presentations	proceedings	prof	publication	quoted	ranging	ready	recognition	registration	remote	restoration	results	review	richards	robertson	robotics	ryde	sensing	sent	sep	share	situated	social	society	sought	spaced	speakers	specialised	star	statistics	student	style	submission	summarizing	supplied	syd	sydney	techniques	theatre	thursday	tony	tours	upon	uts	varied	vision	visualisation	walking	within	wool	words	zealand
28	3ds	3dstudio	3dstusio	anyway	apreciate	cars	changes	comparision	concerning	cpu	dep	dsi	dxf	exchanges	f1	fans	favourite	fractal	fractint	ghost	grand	guys	hard	ideas	lap	listen	massimo	milan	motors	parts	prix	prj	render	rosa	rossi	simulating	sm	starting	studio	sw	unfortanatly	unimi	wheel
af774	alot	bobcat	chad	cipiti	cleveland	cwru	ent	everyplace	exhausted	freenet	hava	heisenberg	hela	ins	knock	oh	ohiou	paint	piece	reserve	voxel	western	zool
300	aimla	apparantly	ces	concept	dave	determine	developers	developing	djmst19	dont	keep	licensees	madura	optimla	pitt	pl3	private	rumours	sells	showings	shown	success	unixd2	ziedman
advantage	aix	autocarto	basically	bunch	caspian	creating	delaunay	describing	equalateral	formed	irregular	lewis	lewism	lsk1v9inn93c	ny	polytechnic	proceedings	rensselaer	specific	triangles	triangulated	triangulation	troy	yeh	zhenghao	zyeh
along	articles	basser	bernard	discussion	dobbs	dr	dumb	gardner	home	interesting	issues	modex	optimised	oz	past	presented	reason	saw	su	thread
aim	always	archives	bcstec	bobc	boeing	carpenter	cheinan	fairly	grafsys	interesting	mich	recommend	rgc3679	searched	sound	sumex	thoroughly	thought	wrong
39	735400848	abuse	agrees	allen	amount	app	appendix	assholes	bizarre	capitalized	certainly	chalk	complexity	deal	defined	designed	despite	effort	emphasis	environments	expense	fact	fair	flexible	generating	goes	immense	import	inability	interchange	job	led	load	man	mine	minutes	misuse	neither	nova	opposed	options	pd	philosophical	philosophically	poor	powerful	preston	prestonm	reasoning	saying	significance	simplicity	sort	spec	specification	success	takes	took	trapped	trouble	unnecessary	usually	whenever	won	words	worried	worse	writers
adnet13	btw	cinch	dxf	esp	externals	fnal	haven	hopes	hurh	ideas	igs	import	knows	macrayshade	macs	mailing	minicad	misplaced	models	operate	patrick	professional	rib	seem	strata	stratavision	super	swivel	thought	tomorrow	translator	usrs	wants
advice	airhead	balki	bartokomas	columbia	columbiasc	divine	forgive	home	human	multimedia	na	ncr	originally	perfect	ready	sc	strangers	targa	thinking	toontown	williamson	workstation
06	09	29	2g1	44	512	aarnet	ajay	apr	avalon	bcstec	bob	boeing	building	carpenter	chinalake	compute1	csv	drwxr	esuoc	excellent	jan	location	mar	mirrors	ncsu	netters	offer	plaza	recommend	recommendations	removal	responses	rgc3679	rudimentry	services	shading	soni	sorts	tasks	thyme	warwick	wuarchive	wustl	xr	ya
add	ann	anyway	arbor	assuming	background	client	daemon	explain	fullscreen	gif_file_name	helps	herringshaw	ipx	kill	knew	leave	llullaillaco	load	locks	michigan	onroot	originator	root	switches	tdawson	terminal	till	xloadimage	xsession
1qu36i	cardhu	cary115	dominik	dundee	dux	dwestner	jason	kh7	lacks	lee	mcs	ny	ok	pd	polytechnic	rensselaer	says	tried	troy	weilej	weiler	westner	xgrasp
4318	5a	619	728	acknowledge	bank	clipper	collection	configure	cts	ds	e10	fallbrook	filebank	hand	hst	iv	largest	logitech	luis	nobrega	nodes	paintbrush	pcboard	rime	scanman	scanner	usr	zsoft
1rfsqbinnc2p	appreciate	decompression	denman	hardy	shelley	stuart	stusoft	translate	trouble	understanding
16f	1quvdoinn3e7	92	93apr20085951	adsp	along	articles	augs1	aware	begged	bern	bring	brings	cbmehq	cbmswi	cbmvax	ccwf	chance	commodore	concerning	crosspost	crossposting	flamed	glad	grn	herringshaw	holler	holli	iamexwi	jan	likelihood	mega	mike	nerone	newsgroups	newssoftware	nonsense	observable	personally	plagued	poster	private	proposed	readily	schwartz	smith	spectrum	srvr1	stay	structured	sub	switzerland	sylvester	tdawson	thus	unibe
640x400	8514	argus	crt	industrial	ivanov	msk	register	report	serge	sergey	su	tsr
0184	1st	328	3rd	500	800	algorithmic	animated	animted	apply	attest	backdrops	backgrounds	blow	bounce	boutwell	brushmapping	brushmaps	comes	dont	doors	ers	explode	fool	framming	fx	hot	idea	ie	impulse	key	live	low	mailing	mapped	maps	mississippi	morphing	msstate	nature	objs	oh	personally	price	ra	raytracer	reflections	renderering	retail	ripple	shadows	shipping	started	studio	texture	tony	trb3	yesterday
applied	bob	brothers	cost	derivatives	lehman	licensing	needs	plan	recommend	rschmitt	schmitt	shearson	workstation
290	3252	4990	617	below	buchholz	buck	converter	couloir	hq	ileaf	interleaf	interpreter	leads	leafusa	manager	meta	outside	pd	preferred	requirement	uunet	voice	windowsmetafile	wmf	x3252
1246	1653	31	705	748	analyst	bold	cautious	ccgwt	days	edit	gallant	grant	gtotten	howdy	knights	major	maybe	men	obnoxious	oh	ontario	opinions	peterborough	scanned	scanner	snazzy	totten	trent	trentu	whatever	women	wondering
6000	aix	ari	carel	carelcomp	devices	expecting	familiar	finland	gks	hewlett	implementation	lappeenranta	lpr	oy	packards	phigs	plotters	reasonably	require	rs	salesman	solutions	starbase	suutari	tahko	terminals	tried	x11	xgks
020637	1f	2nd	3675	3x	786	787	813	ascii	capability	ckctpa	collection	colorado	consists	consulting	controls	cover	crash	creating	curses	development	edition	edwards	entry	eti	everyone	extended	fmli	followup	forms	frames	frank	guess	guide	hall	header	hold	ie	isbn	lform	life	lmenu	located	lpanel	management	manual	meet	menus	mgmt	myrddin	ordinary	outside	panel	paraphrased	pats	prentice	presentation	press	produces	promote	reads	referred	rintintin	route	shell	sloooow	smiles	steele	steelem	subroutines	svr4	sybus	tells	terminal	times	top	uunet	voice	wallet
analytical	analytically	angeles	approximately	caspian	deal	determining	ellipse	everyone	failed	ideas	interests	los	months	nonlinear	offset	pressure	quickly	recalled	share	solved	solving	southern	spent	suddenly	technique	yeh	zhenghao	zyeh
advantage	billy	carter	datasys	pointers	processor	searching	southwest	specifically	swri	trident	wcarter	william
always	amertume	amongst	encounter	equation	explicit	fr	ibp	implicit	informatique	math	mathematically	myself	olivier	p7	parameters	paris	previewer	quadric	quartic	renouar	renouard	ufr	universite	wireframe
anvance	bezier	bound	control	cubic	curve	curves	distance	equal	ferdinan	ferdinand	groningen	hut	hutcs	node	oeinck	parameter	pekka	pes	references	siltanen	suppose	ti	upper	v1	v4	w1	w4	waterland	wlink
ascii	cannot	characters	graph	keyboard	laurentian	press	print	ramsey	solve	sudbury
a66	abekas	compare	control	cray	glp	gordon	hangs	lamb	lyon	minivas	originator	phillips	phillson	record	sending	smpte
000	6000	adabas	basic	club	databases	focusing	gateway	gupta	happy	hard	ingres	installed	international	introductory	labs	lans	mostly	needs	novell	office	ones	oracle	pace	padmini	production	references	regarding	rs	snail	srivathsa	sybase	visual	wang	willett	wisconsin
01	01a	021708	13381	1993apr22	200	3ds	anywhere	aron	aus	berkeley	bonar	ced	changed	defaults	depending	differences	doug	douginoz	fombaron	fr	helping	home	hparc0	imag	improvements	increased	ipas	isn	major	marc	ones	parameters	parsons	previous	recall	require	separate	significant	slightly	slow	studio	tikal	ufrima	upgrading	v2	warrant	wrong	yost
1987	annimation	appreciate	chicago	comments	daniel	depaul	dkusswur	driven	event	falcon	gomez	knows	kusswurm	location	notes	obtain	publication
animator	autodesk	bc	british	columbia	command	confusions	cultural	despair	emerge	feeling	geoffrey	geoffrey_hansen	hansen	included	link	marshall	mcluhan	mind	mindlink	periods	pro	prompt	technological	transition	vmode
0423	1111	1qkgbuinns9n	7742	bolson	boy	carson	central	checked	collins	coplanar	correct	crl	distant	edward	embarassing	equi	exactly	exists	farin	fitting	gems	geometry	happen	hcrlgw	hitachi	hyper	immediately	jp	loss	ltd	mercy	necessarily	possibly	prove	require	researcher	shelley	solution	specifies	steven	straightforward	tokyo	trivial	unless	visiting	wouldn	wrong
134	176	192	214	246	253	35	80	83	asterix	bart	brunel	cant	ccws	cgcad	cs89ssg	fix	gateway	gupta	icmp	inescn	mainstream	nsn	pe	ping	pl8	pt	reach	readme	rtrace	seem	sunil	sura	unreachable	upload	uxbridge
attention	batch	beg	bga	blade	buddha	byte	cactus	cb	chair	communications	crash	cyberspace	differ	dir	drive	god	hillary	invokes	knowledge	launch	pay	peace	places	rene	renew	resides	root	stack	stupid	temp	tue	urc	walter	wixer
0010580b	3449	37996	615	6435	974	almost	attempted	autotrace	bitmapped	bitnet	boesel	cboesel	certainly	charles	complicated	corel	decent	ever	expressed	goes	hasn	haywire	herein	hijaak	illustrator	industry	knowledge	knoxville	limited	logos	mcdougald	mean	necessarily	opinions	photography	poorly	presentations	richard	softwares	standards	suspect	technique	tenn	tennessee	utk	utkvx	vector	vmcbrt	wordperfect	yeah
0150	31	3426	3ds	44	650	667	carefully	cel	default	edinburgh	explicitly	festival	hawkes	laboratory	manual	mapping	nothing	noticed	orientation	planes	position	positioned	positions	preserved	prj	psychology	reload	restarting	rule	rules	rych	rycharde	saving	somewhere	stored	texture
1qlobb	a2i	affect	agonizingly	annoying	blade	bolero	bryan	bryanw	bug	careful	choosing	dangers	disks	drives	effort	fairness	floppy	gets	hand	haven	important	incredibly	insists	jpegs	keep	lighter	merely	mind	moves	needs	nevertheless	omitted	once	overlooked	p5a	personally	pointing	poor	rahul	reads	realize	regarding	rene	renew	serious	slow	sort	square	squashed	stack	stupid	targeted	tried	tue	tuegate	unrevcoverable	urc	walter	woodworth
101010	1r3lf9	adams	base	binary	cartwright	charles	chuck	discovered	divine	douglas	emx	everything	forget	fu0	geraldo	greenbelt	gsfc	later	life	markc	maryland	mudpuppy	philosophical	quote	revealed	round	significance	silly	universe	xrcjd
301	500	5000	53	5798	846	98	acceptable	analyst	assurance	basis	cancer	canon	clc	component	configured	converted	copier	default	density	development	directly	drive	drives	expensive	fcs280s	filter	frederick	halftone	higher	intelligent	internal	iris	knowledge	laser	less	limiting	lp	management	manager	money	ncifcrf	option	parallel	port	print	printouts	ps	publication	purchased	recently	regular	rgb	scott	scsi	showcase	specification	specify	spend	sr	starting	suspect	title	tops	translating	turn	unit	variaty	warranty
bryan	cirrus	collections	creates	impossible	kentucky	mik	nx10	obvious	properly	rom	stupid	temp	uk02183	uky	williams
assembly	che	crying	cso	cw21219	cywang	freeman	illinois	respond	title	urbana	ux1	uxa	wang	yuan
